category,title,creator,publication_year,description
album,American Forrester,Everett O'Kon,1927,Eligendi dolorem aliquam iure.
movie,Strong Level,Miles Bogan,1991,Dolor laborum dolores quod.
book,The Captain's Solstice,Maryln Rice Sr.,1994,Aut et labore suscipit.
movie,Brooklyn ,Dr. Tisha Borer,1989,Laboriosam sunt facilis repellat.
movie,Morning America,Margurite Nienow,2005,Temporibus culpa est dolor.
movie,Major Treat,Hedwig Rolfson,1960,Ut deserunt et aut.
movie,Seattle Forrester,Caridad Greenholt,1950,Quasi id autem cum.
album,Morning Mug,Gala Hammes,1924,Dolor velit ex quaerat.
album,Kreb-Full-o Look,Joshua Zulauf PhD,1987,Nulla consequuntur aspernatur blanditiis.
album,Chocolate Cup,Valentin Franecki,1956,Occaecati sit quia error.
album,The Solstice,Lauryn Farrell,1997,Aperiam vero cum nobis.
movie,Captain's Choice,Kathyrn Ratke,2009,Quam ipsam aut molestias.
movie,Spilt Bean,Mr. Gertrude Ondricka,1927,Atque expedita consequatur sunt.
movie,Wake-up Forrester,Eryn Rice,1955,Nihil recusandae voluptatem molestiae.
album,Hello Choice,Chung Medhurst,2006,Et reiciendis sed esse.
book,The Captain's Bean,Avery Lebsack Sr.,1951,Quisquam nisi vitae mollitia.
album,Caf√© Cake,Miss Andy Breitenberg,1975,Dolorem eum ea iste.
book,Postmodern Delight,Monroe Gleichner,2006,Id rem porro natus.
movie,Major Extract,Mr. Ismael Abbott,1977,Adipisci ipsam aut ipsa.
movie,Pumpkin-spice Star,Dr. Trevor Treutel,2012,Et exercitationem ea non.
movie,Chocolate Choice,Olympia Daugherty,1973,Ut repudiandae reiciendis quia.
movie,Cascara Star,Ms. Adrianna Conn,1929,Sit itaque id non.
album,The Captain's Coffee,Russ Kiehn,1992,Velit nam atque deleniti.
album,Postmodern Cake,Royce Rodriguez,1934,Vitae cum consequuntur et.
album,Brooklyn Enlightenment,Lester Klein,1976,Pariatur tempore voluptate ratione.
